codec,payload,storage,method,throughput_ops_s,throughput_error,allocation_b_op,allocation_error
deflate,large,direct,compressByteArrayBaseline,458.16378382149816,1.6230937180296672,558071.053168051,0.04678559914477854
deflate,large,direct,compressByteBufferBaseline,455.11106389717423,1.4659138631836166,1082495.4700126676,1.0527357655531384
deflate,large,direct,compressCallerOwned,461.60244516137317,2.0031025890517835,279.2213072456038,1.2599660887145459
deflate,large,direct,decompressByteArrayBaseline,2602.806918075509,10.14445964248772,2622362.65629064,0.013915383814721058
deflate,large,direct,decompressByteBufferBaseline,2597.5353593214413,12.892821936180157,2655370.6556104636,0.020041007372579262
deflate,large,direct,decompressCallerOwned,3369.3971890532566,34.84151939204939,266.0359569581301,0.019796216971110187
deflate,large,directToHeap,compressByteArrayBaseline,458.25385079359296,2.00084138895598,558071.0565412758,0.07970821372793131
deflate,large,directToHeap,compressByteBufferBaseline,453.5520299980382,6.293922978015136,1082495.5119934764,1.09269218653826
deflate,large,directToHeap,compressCallerOwned,462.07211865012414,1.5308061674127427,271.2247962392657,1.1563431449766937
deflate,large,directToHeap,decompressByteArrayBaseline,2604.7309633763007,19.802919426822108,2622362.64996614,0.024643828108141887
deflate,large,directToHeap,decompressByteBufferBaseline,2598.99167077734,16.326835123413414,2655370.660107554,0.023343571157611303
deflate,large,directToHeap,decompressCallerOwned,3379.8515052874827,9.657594834536338,258.0292999551502,0.008965544343571382
deflate,large,heap,compressByteArrayBaseline,457.5114150050081,3.7154265763436216,558071.0829669591,0.12838575962752394
deflate,large,heap,compressByteBufferBaseline,457.8358486694236,1.6716005205931397,558127.3865182509,1.0613072973608315
deflate,large,heap,compressCallerOwned,461.98119723696254,2.221010557886428,263.23925613438627,1.2043453772842283
deflate,large,heap,decompressByteArrayBaseline,2599.50282947333,35.274437788477506,2622362.6518698307,0.03428976088352065
deflate,large,heap,decompressByteBufferBaseline,2604.9271989897093,18.30156471735765,2622418.6494650254,0.025305504998372596
deflate,large,heap,decompressCallerOwned,3372.123642556601,12.387821020809898,250.03560379218638,0.010790477152333538
deflate,large,heapToDirect,compressByteArrayBaseline,458.1458962463638,2.1818995377667427,558071.0468445808,0.09907573270025363
deflate,large,heapToDirect,compressByteBufferBaseline,457.41606045100315,2.8198190875775424,558127.4153333673,1.1400058166338558
deflate,large,heapToDirect,compressCallerOwned,462.2752367721205,1.053672138518941,271.1833040777127,1.1900042340477412
deflate,large,heapToDirect,decompressByteArrayBaseline,2613.034576152276,16.023374459688142,2622362.642503281,0.02448590485721761
deflate,large,heapToDirect,decompressByteBufferBaseline,2601.5420626046975,17.906914843823326,2622418.6484122304,0.01874495216008653
deflate,large,heapToDirect,decompressCallerOwned,3375.8122746631234,18.835003896304507,258.0339497101885,0.015140054772411414
deflate,medium,direct,compressByteArrayBaseline,3803.97554205661,17.14805476632588,70881.80208884612,0.014371538885043772
deflate,medium,direct,compressByteBufferBaseline,3781.5654661757458,18.039443510242016,136673.82008488855,0.015099434266765759
deflate,medium,direct,compressCallerOwned,3847.7749974422354,11.518539245547153,265.7753778489745,0.011388851118291769
deflate,medium,direct,decompressByteArrayBaseline,19684.813239972595,84.44875351279431,328672.35129203787,0.004060405966799311
deflate,medium,direct,decompressByteBufferBaseline,19610.396359723396,85.93749476111287,333208.35446393176,0.007551410358762565
deflate,medium,direct,decompressCallerOwned,26219.762123528933,209.62446768461095,200.26413485952867,0.004405332001178978
deflate,medium,directToHeap,compressByteArrayBaseline,3805.635360211699,18.72165222358709,70881.80281854872,0.01997195378871352
deflate,medium,directToHeap,compressByteBufferBaseline,3784.3590241215948,10.685810627922603,136673.81561711797,0.014438735801093802
deflate,medium,directToHeap,compressCallerOwned,3841.6851531775765,14.721056220507606,257.7827804090472,0.012266919876679458
deflate,medium,directToHeap,decompressByteArrayBaseline,19660.305858266325,103.14772404473804,328672.35240327736,0.004848448638010237
deflate,medium,directToHeap,decompressByteBufferBaseline,19630.811952702385,66.93774910417788,333208.35432431387,0.007476097417436301
deflate,medium,directToHeap,decompressCallerOwned,26093.265774262334,247.17124893252372,200.2653632725285,0.005048443941457793
deflate,medium,heap,compressByteArrayBaseline,3807.2722256766983,9.156198953700894,70881.80533189668,0.012821211356357777
deflate,medium,heap,compressByteBufferBaseline,3797.0253407074733,29.25422805541863,70937.80987225681,0.020834936938300363
deflate,medium,heap,compressCallerOwned,3843.872292574392,14.693796364822427,249.77909782081633,0.012475151761760147
deflate,medium,heap,decompressByteArrayBaseline,19667.84480926049,127.94239261978099,328672.35219228483,0.004362469720830273
deflate,medium,heap,decompressByteBufferBaseline,19713.86649493959,63.140078692277925,328728.3536637379,0.012952579892803245
deflate,medium,heap,decompressCallerOwned,26232.66359916793,84.9873105698186,192.2639574390212,0.004476683808261859
deflate,medium,heapToDirect,compressByteArrayBaseline,3804.606281000527,17.804870824469653,70881.80268445806,0.01605411706738691
deflate,medium,heapToDirect,compressByteBufferBaseline,3801.8584317726686,16.29739659450434,70937.8054630027,0.02132753474511846
deflate,medium,heapToDirect,compressCallerOwned,3840.8086189016985,15.932943365585745,257.77938663501965,0.0146760341981664
deflate,medium,heapToDirect,decompressByteArrayBaseline,19693.326132639304,67.83430472931936,328672.35120565473,0.00546825692571114
deflate,medium,heapToDirect,decompressByteBufferBaseline,19674.842236623146,115.30977419830732,328729.26522637095,2.9166403208151888
deflate,medium,heapToDirect,decompressCallerOwned,26106.517477477006,156.19482046448974,192.26554337366377,0.004112362099073915
deflate,small,direct,compressByteArrayBaseline,127716.49147168276,829.7282682713432,2096.0536880982318,0.00044725703837534414
deflate,small,direct,compressByteBufferBaseline,126581.49654329251,915.6633538355934,3320.0543373012297,0.0007754100630052399
deflate,small,direct,compressCallerOwned,133148.04645656195,878.744222498799,200.051414774763,0.0007236088634639896
deflate,small,direct,decompressByteArrayBaseline,313671.2897406726,1766.7465261682362,18280.021894402315,0.00021655145031280535
deflate,small,direct,decompressByteBufferBaseline,311681.5252978752,1897.2328062887736,18600.022043523273,0.00013612156445743224
deflate,small,direct,decompressCallerOwned,408574.46970214345,2532.2936437790186,200.01678070457825,0.00011034043869955596
deflate,small,directToHeap,compressByteArrayBaseline,127221.07312740404,509.0952023430966,2096.05389029793,0.0005957910363586279
deflate,small,directToHeap,compressByteBufferBaseline,126647.45743692837,635.1842608994425,3320.0542112170783,0.0005076354037691704
deflate,small,directToHeap,compressCallerOwned,131473.88215175335,1701.7396677240474,200.05214569919818,0.0008973798012857912
deflate,small,directToHeap,decompressByteArrayBaseline,312853.8228643368,1612.672153911017,18280.02196334908,0.0001997740965068149
deflate,small,directToHeap,decompressByteBufferBaseline,311312.80922669073,2344.6776383438714,18600.02202665126,0.0001529098092693771
deflate,small,directToHeap,decompressCallerOwned,400206.3230489232,3098.1713384150867,200.01714930613602,0.000150815973698991
deflate,small,heap,compressByteArrayBaseline,127459.23545653126,960.9152430104183,2096.053938650111,0.0005484684931777249
deflate,small,heap,compressByteBufferBaseline,126962.69314396018,1354.3637471966206,2152.0540775537074,0.0006523902892935312
deflate,small,heap,compressCallerOwned,130463.78099885766,1134.4359001539665,192.05253360115321,0.0007122379689720478
deflate,small,heap,decompressByteArrayBaseline,312944.7615549676,2234.1776489694425,18280.021976213076,0.00013778117968666972
deflate,small,heap,decompressByteBufferBaseline,314189.72254774935,1914.4768540019747,18336.021875675815,0.0001600509354240769
deflate,small,heap,decompressCallerOwned,388361.9141134177,2490.4374781309434,192.01764451539105,0.00011425518232269317
deflate,small,heapToDirect,compressByteArrayBaseline,127369.64527976459,542.2806726304932,2096.0538801025646,0.0004655986958097007
deflate,small,heapToDirect,compressByteBufferBaseline,126848.41882369746,1247.7209306632456,2152.0540750719974,0.0006851814499097595
deflate,small,heapToDirect,compressCallerOwned,131613.50441004933,561.7881815339075,192.0520104286529,0.0003053528484093064
deflate,small,heapToDirect,decompressByteArrayBaseline,313636.5741290882,1451.1429264595995,18280.02186384805,0.00012540024282999706
deflate,small,heapToDirect,decompressByteBufferBaseline,313843.56026713166,2434.3954611967806,18336.021894854548,0.00019739599018240835
deflate,small,heapToDirect,decompressCallerOwned,400212.06126852636,2349.0531652732234,192.01711345913287,0.00010955936413750273
lz4,large,direct,compressByteArrayBaseline,6121.2466456432285,43.731011360631996,597449.1268542019,0.010585732411471508
lz4,large,direct,compressByteBufferBaseline,5731.63622666052,25.34123432206219,1121873.2032966795,0.007455735091471809
lz4,large,direct,compressCallerOwned,6329.942454287308,24.755448688792264,129.0810100764389,0.006167568690976486
lz4,large,direct,decompressByteArrayBaseline,4540.631366798969,25.20468470530619,524369.518234641,0.009259686341198484
lz4,large,direct,decompressByteBufferBaseline,4835.083188780662,36.74665384339334,595401.4283004256,0.013722099933974757
lz4,large,direct,decompressCallerOwned,9049.300243158224,178.5703310157937,128.75905705036516,0.016084348196801712
lz4,large,directToHeap,compressByteArrayBaseline,6116.898449440161,25.283863948039354,597449.1262668464,0.003955719959263706
lz4,large,directToHeap,compressByteBufferBaseline,5726.370818353435,37.559206130052075,1121873.2059967448,0.011543397583739175
lz4,large,directToHeap,compressCallerOwned,6356.874098520911,36.56351977727601,65.07649165483939,0.007919636852941952
lz4,large,directToHeap,decompressByteArrayBaseline,4528.6614849105645,71.3689650490459,524369.5206807264,0.023758662491506263
lz4,large,directToHeap,decompressByteBufferBaseline,4807.507753678077,54.62634425947418,595401.4336289372,0.02200597323366255
lz4,large,directToHeap,decompressCallerOwned,9279.53625806159,148.20987393377038,0.739577369246131,0.010728005451133886
lz4,large,heap,compressByteArrayBaseline,6117.19833802742,41.55570887620977,597449.126345908,0.009785267469622121
lz4,large,heap,compressByteBufferBaseline,6130.478808873859,20.054745412650263,597505.1269444716,0.007445510027964954
lz4,large,heap,compressCallerOwned,6348.788513762689,39.25080132679054,1.079027245078375,0.011256115985379666
lz4,large,heap,decompressByteArrayBaseline,4548.100473798124,34.04816125681944,524369.516139237,0.017729295393072286
lz4,large,heap,decompressByteBufferBaseline,4552.620366153444,23.61437971273961,524425.5158406186,0.014638729112843174
lz4,large,heap,decompressCallerOwned,4402.934194988867,102.78250048501756,1.5588114879272958,0.0344073724950641
lz4,large,heapToDirect,compressByteArrayBaseline,6134.214619888215,21.16145483254803,597449.1249459886,0.008111139251232179
lz4,large,heapToDirect,compressByteBufferBaseline,6064.576795935804,112.86361886683528,597505.1385549991,0.02003277070708484
lz4,large,heapToDirect,compressCallerOwned,6329.407430113652,26.19572797575037,65.08090216782247,0.004597491947808787
lz4,large,heapToDirect,decompressByteArrayBaseline,4543.459702949376,36.328227826337674,524369.5175270758,0.012511627654385842
lz4,large,heapToDirect,decompressByteBufferBaseline,4545.749399468602,31.631839601523634,524425.5181122521,0.011186635003693863
lz4,large,heapToDirect,decompressCallerOwned,9312.54632739924,235.15816217595412,0.7372024357317781,0.01950780005856745
lz4,medium,direct,compressByteArrayBaseline,48821.62292613368,97.59427667039311,75160.14130766956,0.000988122160010104
lz4,medium,direct,compressByteBufferBaseline,43939.12303147063,246.8819345091731,140952.15682200517,0.0009347268749647683
lz4,medium,direct,compressCallerOwned,52158.757392585314,149.58344897024497,128.1321246049826,0.0023635250442218783
lz4,medium,direct,decompressByteArrayBaseline,36559.609770035415,309.0447245108782,65736.18867680864,0.002128996744862628
lz4,medium,direct,decompressByteBufferBaseline,35884.77722856474,394.48991919779814,74912.19182793357,0.002686212277607232
lz4,medium,direct,decompressCallerOwned,75832.88513389473,2201.0748078983474,0.09053477653459582,0.002674579787243073
lz4,medium,directToHeap,compressByteArrayBaseline,48702.24688088224,233.17281705954332,75160.14143450138,0.0013295282846000804
lz4,medium,directToHeap,compressByteBufferBaseline,43964.61449986148,294.40264331417904,140952.15689348296,0.0014105448346708697
lz4,medium,directToHeap,compressCallerOwned,52077.48629429823,198.9300812829554,64.13139398303191,0.0010076332222452248
lz4,medium,directToHeap,decompressByteArrayBaseline,36482.061984621985,388.57145702074007,65736.18858511015,0.001990623451641142
lz4,medium,directToHeap,decompressByteBufferBaseline,35925.21737532034,470.39843593047385,74912.19145380285,0.0026082256872458354
lz4,medium,directToHeap,decompressCallerOwned,75658.05131778771,2546.685954556292,0.09079321098279157,0.00306587006464094
lz4,medium,heap,compressByteArrayBaseline,48593.39714569219,332.27300827642813,75160.1415907036,0.0009986165228971183
lz4,medium,heap,compressByteBufferBaseline,48740.96039204973,89.21285190770513,75216.14144361592,0.000654159199703357
lz4,medium,heap,compressCallerOwned,52083.80583400521,210.98280847958472,0.1315345341986954,0.0006638876335745943
lz4,medium,heap,decompressByteArrayBaseline,36589.47449105383,293.46568117621786,65736.18857875027,0.0022911109126172624
lz4,medium,heap,decompressByteBufferBaseline,36431.07002970738,457.69959243715437,65792.18909744952,0.003090499903818335
lz4,medium,heap,decompressCallerOwned,35666.15217767162,986.1223278876834,0.19301563653535683,0.004505384547286813
lz4,medium,heapToDirect,compressByteArrayBaseline,48645.79605675056,419.64250799159356,75160.14164273383,0.0017759325336925685
lz4,medium,heapToDirect,compressByteBufferBaseline,48723.31533281332,428.79749384861884,75216.14132650748,0.0016607005445009872
lz4,medium,heapToDirect,compressCallerOwned,52107.73135376833,140.9522160173951,64.1311882079956,0.0006955497211404974
lz4,medium,heapToDirect,decompressByteArrayBaseline,36510.51003468923,389.9755927536539,65736.18852486153,0.002194601036277665
lz4,medium,heapToDirect,decompressByteBufferBaseline,36574.8063010321,382.47239263985045,65792.18850171189,0.002039752188228016
lz4,medium,heapToDirect,decompressCallerOwned,80692.95263788843,888.1634881760393,0.08501654479516488,0.0010320411441329066
lz4,small,direct,compressByteArrayBaseline,1149288.3247786728,4950.9056647093885,1584.005969084111,4.102288046684222e-05
lz4,small,direct,compressByteBufferBaseline,1132751.989029896,3020.5766729662214,2808.0060505301535,2.5330657336035667e-05
lz4,small,direct,compressCallerOwned,1269729.5876004356,26112.4938544183,128.0053908672522,0.00012827520518568074
lz4,small,direct,decompressByteArrayBaseline,1797656.4545350838,21571.154103189023,1168.0038107043592,4.3473664557875095e-05
lz4,small,direct,decompressByteBufferBaseline,1766909.9183636154,21281.843254396994,1592.0038954195302,4.66560333828997e-05
lz4,small,direct,decompressCallerOwned,5183854.254006761,121681.02892970644,0.0013218262955950705,3.4839438178688384e-05
lz4,small,directToHeap,compressByteArrayBaseline,1141686.514480987,10246.617757237906,1584.0060118142544,5.862198575234546e-05
lz4,small,directToHeap,compressByteBufferBaseline,1138068.0746081613,7001.209073972167,2808.0060385459938,5.18454382637491e-05
lz4,small,directToHeap,compressCallerOwned,1279143.6197270586,26022.877410360616,64.00533378030941,0.000122643152266589
lz4,small,directToHeap,decompressByteArrayBaseline,1799503.2671862717,26105.332116981066,1168.0038128756203,6.272875620847724e-05
lz4,small,directToHeap,decompressByteBufferBaseline,1758730.0186385526,26667.160463137214,1592.003901085219,6.253562277305005e-05
lz4,small,directToHeap,decompressCallerOwned,5226739.551293267,140233.62987882135,0.001311836123511001,3.5582937147128256e-05
lz4,small,heap,compressByteArrayBaseline,1144535.0550681897,5167.396719577159,1584.006000095749,3.548845981069236e-05
lz4,small,heap,compressByteBufferBaseline,1134988.6565493844,7585.262527630665,1640.0060513013912,5.07174053239424e-05
lz4,small,heap,compressCallerOwned,1330159.1099920424,12590.287369184414,0.005129796000489584,6.911996999514195e-05
lz4,small,heap,decompressByteArrayBaseline,1806747.5718230344,15702.29879825647,1168.0038041185057,3.839512651678079e-05
lz4,small,heap,decompressByteBufferBaseline,1799720.2479234138,22375.423775784784,1224.0038245040873,4.8389402902477135e-05
lz4,small,heap,decompressCallerOwned,2042460.270350275,32986.059449594635,0.0033575822949201417,5.743115044060061e-05
lz4,small,heapToDirect,compressByteArrayBaseline,1145488.0901677464,6630.0755114450485,1584.0059983725646,4.156853133009072e-05
lz4,small,heapToDirect,compressByteBufferBaseline,1137572.325831044,9276.536371916813,1640.0060390759886,6.514591333410813e-05
lz4,small,heapToDirect,compressCallerOwned,1233202.64924419,9082.753439746835,64.00552364977408,3.327306364904459e-05
lz4,small,heapToDirect,decompressByteArrayBaseline,1791066.571584093,30512.10595863182,1168.0038309396932,7.21458990961795e-05
lz4,small,heapToDirect,decompressByteBufferBaseline,1797346.6847224862,19424.291091088988,1224.0038271885069,5.5453872027059265e-05
lz4,small,heapToDirect,decompressCallerOwned,4766084.575988691,156233.79168123123,0.001439457701089414,4.477090808926204e-05
snappy,large,direct,compressByteArrayBaseline,7846.226732292109,48.7292302775,684792.8783459037,0.00568986915573095
snappy,large,direct,compressByteBufferBaseline,7259.332644576394,45.74151991771501,1209216.9510456226,0.007151131965234871
snappy,large,direct,compressCallerOwned,8285.195092394828,50.12822894039756,128.82532766216883,0.006804964394879437
snappy,large,direct,decompressByteArrayBaseline,18313.56857956171,115.77824563084208,524368.3786549069,0.005959098211147853
snappy,large,direct,decompressByteBufferBaseline,17769.406577037254,141.2030274794127,597424.3927590913,0.01364665192902197
snappy,large,direct,decompressCallerOwned,10377.997654349318,36.14093567141326,256.6606759323198,0.002592781600350966
snappy,large,directToHeap,compressByteArrayBaseline,7847.7102391611015,44.04557920765979,684792.8799442736,0.006891116308282581
snappy,large,directToHeap,compressByteBufferBaseline,7280.414802964697,64.61789124739086,1209216.948133035,0.01169014942841572
snappy,large,directToHeap,compressCallerOwned,7174.560292019812,60.995591508538816,1209160.962084007,0.008738473786516968
snappy,large,directToHeap,decompressByteArrayBaseline,18340.299241210225,69.72372312524793,524368.378122053,0.0034180722223434126
snappy,large,directToHeap,decompressByteBufferBaseline,17745.071158178544,65.69858938906899,597424.4010347283,0.03793776212947041
snappy,large,directToHeap,decompressCallerOwned,15322.147791587757,109.05463017551457,597368.452951695,0.004771982072214782
snappy,large,heap,compressByteArrayBaseline,7877.49469689136,27.994188963564433,684792.8754717713,0.004338049237390507
snappy,large,heap,compressByteBufferBaseline,7851.935325026667,100.95985970804736,684848.8910428663,0.03933653735084423
snappy,large,heap,compressCallerOwned,7118.008367148218,35.69056046888019,1209160.9716376117,0.005866396653168221
snappy,large,heap,decompressByteArrayBaseline,18328.74814018311,66.61016974670197,524368.3760018231,0.0052855665364017436
snappy,large,heap,decompressByteBufferBaseline,18335.55552448354,92.84262109391004,524424.3786619391,0.006268498715776271
snappy,large,heap,decompressCallerOwned,15294.219834312244,165.15465092160264,597368.4537350874,0.007279527540851097
snappy,large,heapToDirect,compressByteArrayBaseline,7900.985878041678,43.484877278733265,684792.8724039991,0.005543170719538091
snappy,large,heapToDirect,compressByteBufferBaseline,7858.274088268535,50.65464845966888,684848.8920128423,0.04525801027776645
snappy,large,heapToDirect,compressCallerOwned,7142.771850952743,38.466766101535555,1209160.9656270684,0.006225841019388076
snappy,large,heapToDirect,decompressByteArrayBaseline,18343.368230417203,131.15115565697965,524368.3784676945,0.004228126187811944
snappy,large,heapToDirect,decompressByteBufferBaseline,18341.077302635724,83.03612875308258,524424.3826249472,0.01658181654340942
snappy,large,heapToDirect,decompressCallerOwned,15342.81510383313,76.78130627473521,597368.4519651574,0.004706923326285771
snappy,medium,direct,compressByteArrayBaseline,60252.35825041123,716.6713944663787,85984.11466832398,0.0011967886001734843
snappy,medium,direct,compressByteBufferBaseline,53706.00546797794,255.05188805843898,151776.12825770734,0.0010786508106440558
snappy,medium,direct,compressCallerOwned,66729.87923392831,419.874227865466,128.10319339021018,0.0023737609871023885
snappy,medium,direct,decompressByteArrayBaseline,139098.21438852776,546.9153787072707,65736.04948687744,0.00040494854070149955
snappy,medium,direct,decompressByteBufferBaseline,132017.78231945256,782.1372326803335,75056.0521498667,0.00027139900222682416
snappy,medium,direct,decompressCallerOwned,82748.84181771454,1026.1149833998334,256.08292938524227,0.0011560809626268676
snappy,medium,directToHeap,compressByteArrayBaseline,60461.54549046336,137.263171352273,85984.11387440325,0.0008386401916061052
snappy,medium,directToHeap,compressByteBufferBaseline,53669.96683809602,239.0945080662339,151776.12833546806,0.0009400267099436983
snappy,medium,directToHeap,compressCallerOwned,53416.58675982753,290.71774055146113,151720.12911310754,0.0008966774024726884
snappy,medium,directToHeap,decompressByteArrayBaseline,138643.48317380305,1034.0608943870902,65736.04968055815,0.00045227418843962226
snappy,medium,directToHeap,decompressByteBufferBaseline,132191.73275321443,294.1980047322285,75056.05208747956,0.0002435092164896513
snappy,medium,directToHeap,decompressCallerOwned,115836.50314278176,675.0933975201815,75000.05955309697,0.0005004621718790476
snappy,medium,heap,compressByteArrayBaseline,60271.23377385794,217.44587400163365,85984.11449299206,0.0008104073591519114
snappy,medium,heap,compressByteBufferBaseline,60387.7028968027,391.72069037429816,86040.11407328257,0.0011736328296654852
snappy,medium,heap,compressCallerOwned,53247.535175802244,604.2185505372389,151720.1296840623,0.0019533471651245046
snappy,medium,heap,decompressByteArrayBaseline,139110.7102659396,644.048391831408,65736.04956027467,0.0005615589985833387
snappy,medium,heap,decompressByteBufferBaseline,138939.6783683462,689.0732702900337,65792.04953280446,0.0005007521445695325
snappy,medium,heap,decompressCallerOwned,116298.29992570356,801.4362995738701,75000.0594771184,0.0005661352047928923
snappy,medium,heapToDirect,compressByteArrayBaseline,60607.92359213164,186.83971656764015,85984.11356586602,0.0006284487471234462
snappy,medium,heapToDirect,compressByteBufferBaseline,60527.05120094912,212.06811878102883,86040.11363489254,0.001076193238282416
snappy,medium,heapToDirect,compressCallerOwned,53319.8993728818,320.33470356420463,151720.1292170494,0.0013636440489181694
snappy,medium,heapToDirect,decompressByteArrayBaseline,138967.81154739804,1278.1249692561883,65736.0495240521,0.0005758358517511258
snappy,medium,heapToDirect,decompressByteBufferBaseline,138851.2838698145,660.6785098337771,65792.04966441003,0.00034891276971497784
snappy,medium,heapToDirect,decompressCallerOwned,119715.62952909127,1476.3791861436812,75000.05767835425,0.0008835633563283722
snappy,small,direct,compressByteArrayBaseline,2001644.9760915875,9208.62296985549,1760.0034371336963,1.8807343657817628e-05
snappy,small,direct,compressByteBufferBaseline,1820337.837440066,17769.4814043353,2984.0037748890745,3.4347792173233025e-05
snappy,small,direct,compressCallerOwned,2359572.3276945595,8393.31323074142,128.0028937129819,1.8937320293646398e-05
snappy,small,direct,decompressByteArrayBaseline,2426937.8160048714,8425.759077210036,1168.0028283460417,2.1714899611473222e-05
snappy,small,direct,decompressByteBufferBaseline,2330881.1293640006,12932.887332138167,1592.0029426354367,2.1337128834320012e-05
snappy,small,direct,decompressCallerOwned,2196133.462590801,13970.778339132994,256.00312989861584,2.2157550312028523e-05
snappy,small,directToHeap,compressByteArrayBaseline,2004541.771672856,6065.88700041685,1760.0034294011707,2.0075905756920404e-05
snappy,small,directToHeap,compressByteBufferBaseline,1835132.484411851,5230.2973997679865,2984.0037407159043,2.2811541743104595e-05
snappy,small,directToHeap,compressCallerOwned,1803321.4754580657,11140.598667325554,2928.0038107230157,2.876188588549771e-05
snappy,small,directToHeap,decompressByteArrayBaseline,2421882.1025272952,8301.974571962792,1168.00283526958,1.849390141851888e-05
snappy,small,directToHeap,decompressByteBufferBaseline,2317476.727643813,29503.74846480706,1592.0029645117647,4.980984328691856e-05
snappy,small,directToHeap,decompressCallerOwned,2193379.283400969,14459.262238960539,1536.0031379369634,1.8636808049956505e-05
snappy,small,heap,compressByteArrayBaseline,2004728.2449306238,9703.415611787303,1760.0034246591829,2.1003869554673748e-05
snappy,small,heap,compressByteBufferBaseline,1987285.4182286467,7858.811176464967,1816.0034530688704,2.2420648453382955e-05
snappy,small,heap,compressCallerOwned,1797007.8238919894,6903.400958120428,2928.0038273934742,3.0438058188671033e-05
snappy,small,heap,decompressByteArrayBaseline,2418662.8753499677,10419.028342308698,1168.0028370728774,2.1048092611045523e-05
snappy,small,heap,decompressByteBufferBaseline,2407849.571206239,18273.283648936962,1224.002850653513,2.1980000284892376e-05
snappy,small,heap,decompressCallerOwned,2200902.6500443476,12102.298021825241,1536.003129269467,1.658789021488798e-05
snappy,small,heapToDirect,compressByteArrayBaseline,1998636.1582198492,12402.52972290444,1760.0034391064141,2.041916777589323e-05
snappy,small,heapToDirect,compressByteBufferBaseline,1992930.04156741,10334.130162634621,1816.0034440713312,2.9774814206526165e-05
snappy,small,heapToDirect,compressCallerOwned,1771997.8668644498,10899.681827830134,2928.0038745639235,3.365921069831338e-05
snappy,small,heapToDirect,decompressByteArrayBaseline,2422040.3687174865,17759.43123597238,1168.0028350000418,1.9695049559243025e-05
snappy,small,heapToDirect,decompressByteBufferBaseline,2408610.930425276,12624.3311334414,1224.0028482012742,2.32883437562268e-05
snappy,small,heapToDirect,decompressCallerOwned,2249283.389732991,5665.9458747909175,1536.0030615061528,1.2852296775560427e-05
zstd,large,direct,compressByteArrayBaseline,4537.237454233637,13.01833647770513,548769.5234207638,0.006930130205640958
zstd,large,direct,compressByteBufferBaseline,4287.207854495397,64.49812454511056,1073193.6075851708,0.03028779433038868
zstd,large,direct,compressCallerOwned,4634.058215225009,12.463368663891881,129.4754034709111,0.007435794088306465
zstd,large,direct,decompressByteArrayBaseline,9296.05490022634,38.71475070752697,524368.743335818,0.0024604016486438965
zstd,large,direct,decompressByteBufferBaseline,8944.722410797898,220.29830477143324,546746.7805656579,8.122063794695553
zstd,large,direct,decompressCallerOwned,9699.216280636741,36.34032691421553,128.71430985528738,0.03499766120242546
zstd,large,directToHeap,compressByteArrayBaseline,4525.319420629025,32.963457255366095,548769.5248650245,0.01415419980198178
zstd,large,directToHeap,compressByteBufferBaseline,4314.87236356081,24.019770164502084,1073193.5989657205,0.011789255371988131
zstd,large,directToHeap,compressCallerOwned,4316.822153198445,24.20888060345239,1073137.6015667121,0.014790264486068166
zstd,large,directToHeap,decompressByteArrayBaseline,9294.856550568784,34.07140067252628,524371.6948882977,10.019666108911057
zstd,large,directToHeap,decompressByteBufferBaseline,9217.861443330752,37.00753909754954,546744.7619952441,0.038372968637402145
zstd,large,directToHeap,decompressCallerOwned,8525.997671714968,17.51231559910605,546688.819137705,0.03780649618869293
zstd,large,heap,compressByteArrayBaseline,4532.476563080554,16.21723836551329,548769.5234678953,0.0100652319337195
zstd,large,heap,compressByteBufferBaseline,4538.539474196574,22.564830693772517,548825.5203655497,0.009967023703740302
zstd,large,heap,compressCallerOwned,4624.293071210613,16.068165876517067,1.4825840683683036,0.008324966624832801
zstd,large,heap,decompressByteArrayBaseline,9304.701353348613,42.30663941332186,524370.9786450688,7.947979998068865
zstd,large,heap,decompressByteBufferBaseline,9212.645767097454,173.79871486355762,524424.7583936345,0.03804468271136038
zstd,large,heap,decompressCallerOwned,9700.190821264752,59.360061408655646,0.7071271628310072,0.004833033101633831
zstd,large,heapToDirect,compressByteArrayBaseline,4532.440886211925,21.497193763759647,548769.5245587581,0.0071592196227160875
zstd,large,heapToDirect,compressByteBufferBaseline,4541.479153422805,23.97815188829242,548825.519974657,0.01149526486750819
zstd,large,heapToDirect,compressCallerOwned,4290.1087257475065,21.622804005483985,1073137.6089001657,0.013182343966700063
zstd,large,heapToDirect,decompressByteArrayBaseline,9291.327605915263,47.29307349419062,524370.7066999209,9.382070775159145
zstd,large,heapToDirect,decompressByteBufferBaseline,9132.121807352174,204.70524399151844,524426.736058483,6.298513018850411
zstd,large,heapToDirect,decompressCallerOwned,8529.946193189742,18.256234198073287,546688.8104412643,0.00234400416705414
zstd,medium,direct,compressByteArrayBaseline,31355.61164307319,387.4786794306028,69368.22062665716,0.00425531920352357
zstd,medium,direct,compressByteBufferBaseline,31032.497304901255,224.6167496883046,135160.22304881556,0.0020761065112043483
zstd,medium,direct,compressCallerOwned,32314.276910584587,136.51991289965974,128.21377507179113,0.004413309994374715
zstd,medium,direct,decompressByteArrayBaseline,64731.16047083604,781.2963323437588,65736.10692745207,0.0014020553386121322
zstd,medium,direct,decompressByteBufferBaseline,64278.73146654632,222.99541129566273,69104.10720721123,0.0006688866150479088
zstd,medium,direct,decompressCallerOwned,69073.55705939344,575.1830319939579,128.09972651327593,0.0019290469757816005
zstd,medium,directToHeap,compressByteArrayBaseline,31350.47901017309,81.47978631480453,69368.22084862777,0.0018560610754981104
zstd,medium,directToHeap,compressByteBufferBaseline,31068.297175893047,147.83591431519736,135160.22265767845,0.002951699128417304
zstd,medium,directToHeap,compressCallerOwned,31091.797556099133,69.80392322866915,135104.22246846333,0.0023624209406802937
zstd,medium,directToHeap,decompressByteArrayBaseline,64674.54502427139,881.8599083970377,65736.10690692262,0.0015230903951005586
zstd,medium,directToHeap,decompressByteBufferBaseline,64024.21997916461,598.5109197678042,69104.10798507414,0.0012742108669196123
zstd,medium,directToHeap,decompressCallerOwned,60134.47406424078,345.3546854698769,69048.11479340118,0.0007265603860694396
zstd,medium,heap,compressByteArrayBaseline,31312.93878783523,151.6084155077933,69368.22071437824,0.0036225867049229127
zstd,medium,heap,compressByteBufferBaseline,31360.837815841718,83.58518509262494,69424.22070471135,0.003434006306894423
zstd,medium,heap,compressCallerOwned,32247.20807695263,100.9385385930551,0.21292679839944856,0.0023381115255834673
zstd,medium,heap,decompressByteArrayBaseline,64776.263716818554,418.84810450444354,65736.10669601033,0.0007273534536485435
zstd,medium,heap,decompressByteBufferBaseline,64946.8642822201,191.21039277000904,65792.10600304075,0.0007032889723499972
zstd,medium,heap,decompressCallerOwned,69254.5345593183,220.22893309098734,0.09902382915596321,0.0003715806004910268
zstd,medium,heapToDirect,compressByteArrayBaseline,31331.471654932982,237.56052122941603,69368.2207161765,0.0029348437160832486
zstd,medium,heapToDirect,compressByteBufferBaseline,31347.574519066624,70.90832361000022,69424.2212222518,0.0021085285674823013
zstd,medium,heapToDirect,compressCallerOwned,30969.208738516383,127.31108045331433,135104.2232534246,0.002792911570946143
zstd,medium,heapToDirect,decompressByteArrayBaseline,64929.16904605231,265.42835591760786,65736.10657974197,0.000660922968676191
zstd,medium,heapToDirect,decompressByteBufferBaseline,64932.46146678108,168.23351583913464,65792.10635474787,0.000582926075325449
zstd,medium,heapToDirect,decompressCallerOwned,60870.75817959085,706.5103901153392,69048.11365031775,0.0014877458253869072
zstd,small,direct,compressByteArrayBaseline,283116.5024220102,2668.6454209946237,1528.0242395232733,0.00020287753241459615
zstd,small,direct,compressByteBufferBaseline,281266.3756381804,847.8957048068826,2752.0244053257,0.0001355256639404366
zstd,small,direct,compressCallerOwned,291514.15956205886,1129.284787618894,128.02349084710232,0.00014102611944665367
zstd,small,direct,decompressByteArrayBaseline,547769.844979864,1507.4043817577826,1168.0125768559203,6.423660575976106e-05
zstd,small,direct,decompressByteBufferBaseline,542426.1002862691,3994.8862501192175,1488.0126740844557,0.00013830770580692796
zstd,small,direct,decompressCallerOwned,562318.0376790286,1706.9036542737535,128.01216988206127,6.227445333130088e-05
zstd,small,directToHeap,compressByteArrayBaseline,281752.6135403999,1550.2622975020165,1528.0244085495237,0.00013217955286691562
zstd,small,directToHeap,compressByteBufferBaseline,281372.27758224326,881.133286028784,2752.0244769848323,0.00014434167881164088
zstd,small,directToHeap,compressCallerOwned,281497.75801561476,1079.0994086803923,2696.024396511781,0.00015798840694700587
zstd,small,directToHeap,decompressByteArrayBaseline,547963.8751495492,3387.2336039713014,1168.012573171492,7.791051119033017e-05
zstd,small,directToHeap,decompressByteBufferBaseline,543550.76444949,2060.2482938207536,1488.012623465423,7.910069732247041e-05
zstd,small,directToHeap,decompressCallerOwned,536319.6244840734,1523.1886184609289,1432.0128530275663,8.76992786598278e-05
zstd,small,heap,compressByteArrayBaseline,281976.70520306984,1740.7471886862045,1528.0243814282362,0.00020196253750504398
zstd,small,heap,compressByteBufferBaseline,282037.1615294613,932.1888059928991,1584.0243010503898,0.00015318637147882275
zstd,small,heap,compressCallerOwned,294972.56081286597,2563.101901882277,0.02313959059535821,0.0002619138051335209
zstd,small,heap,decompressByteArrayBaseline,546997.5509492685,2034.2706424180653,1168.01259462747,5.387675883838554e-05
zstd,small,heap,decompressByteBufferBaseline,546484.0736835196,2341.358136293924,1224.0125835400672,9.279497159522992e-05
zstd,small,heap,decompressCallerOwned,554833.6723607567,1110.5565894131391,0.012356655609575797,5.703037279408691e-05
zstd,small,heapToDirect,compressByteArrayBaseline,282094.0611612453,2682.783809149071,1528.0243361802118,0.000264933240526615
zstd,small,heapToDirect,compressByteBufferBaseline,282413.8203843551,1913.2723845616954,1584.0243285276676,0.00018374304105829513
zstd,small,heapToDirect,compressCallerOwned,281153.26371549425,1270.8661196015391,2696.024448247572,0.00017088761157871963
zstd,small,heapToDirect,decompressByteArrayBaseline,547195.4447937458,1262.0542837800058,1168.0125839709094,4.790583226929041e-05
zstd,small,heapToDirect,decompressByteBufferBaseline,546477.9476832165,2239.593354526947,1224.0125807198704,9.709735852688434e-05
zstd,small,heapToDirect,decompressCallerOwned,537908.4436463005,1279.159409612255,1432.0127958944663,3.374424628551852e-05
